1,2018-01-23 12:19:28,http://fl0ckfl0ck.info,202.179.177.21,8.8.8.8
2,2018-01-23 13:19:30,http://fl0ckfl0ck.info,202.179.177.21,8.8.8.8
3,2018-01-23 14:19:32,http://fl0ckfl0ck.info,120.50.131.112,8.8.8.8
4,2018-01-23 15:19:35,http://fl0ckfl0ck.info,120.50.131.112,8.8.8.8
5,2018-01-23 16:19:37,http://fl0ckfl0ck.info,120.50.131.112,8.8.8.8
6,2018-01-23 17:19:38,http://fl0ckfl0ck.info,120.50.131.112,8.8.8.8
7,2018-01-23 18:19:39,http://fl0ckfl0ck.info,120.50.131.112,8.8.8.8
8,2018-01-23 19:19:40,http://fl0ckfl0ck.info,120.50.131.112,8.8.8.8
9,2018-01-23 20:19:41,http://fl0ckfl0ck.info,120.50.131.112,8.8.8.8
10,2018-01-23 21:19:43,http://fl0ckfl0ck.info,120.50.131.112,8.8.8.8
11,2018-01-23 22:19:44,http://fl0ckfl0ck.info,120.50.131.112,8.8.8.8
12,2018-01-23 23:20:03,http://fl0ckfl0ck.info,120.50.131.112,8.8.8.8
13,2018-01-24 00:20:04,http://fl0ckfl0ck.info,120.50.131.112,8.8.8.8
14,2018-01-24 01:20:05,http://fl0ckfl0ck.info,120.50.131.112,8.8.8.8
15,2018-01-24 02:20:07,http://fl0ckfl0ck.info,120.50.131.112,8.8.8.8
16,2018-01-24 03:20:08,http://fl0ckfl0ck.info,120.50.131.112,8.8.8.8
17,2018-01-24 04:20:10,http://fl0ckfl0ck.info,120.50.131.112,8.8.8.8
18,2018-01-24 05:20:11,http://fl0ckfl0ck.info,120.50.131.112,8.8.8.8
19,2018-01-24 06:20:12,http://fl0ckfl0ck.info,120.50.131.112,8.8.8.8
20,2018-01-24 07:20:13,http://fl0ckfl0ck.info,120.50.131.112,8.8.8.8
21,2018-01-24 08:20:15,http://fl0ckfl0ck.info,120.50.131.112,8.8.8.8
22,2018-01-24 09:20:16,http://fl0ckfl0ck.info,120.50.131.112,8.8.8.8
23,2018-01-24 10:20:17,http://fl0ckfl0ck.info,120.50.131.112,8.8.8.8
24,2018-01-24 11:20:19,http://fl0ckfl0ck.info,120.50.131.112,8.8.8.8
25,2018-01-24 12:20:20,http://fl0ckfl0ck.info,120.50.131.112,8.8.8.8
26,2018-01-24 13:20:21,http://fl0ckfl0ck.info,120.50.131.112,8.8.8.8
27,2018-01-24 14:20:22,http://fl0ckfl0ck.info,120.50.131.112,8.8.8.8
28,2018-01-24 15:20:24,http://fl0ckfl0ck.info,120.50.131.112,8.8.8.8
29,2018-01-24 16:20:25,http://fl0ckfl0ck.info,120.50.131.112,8.8.8.8
30,2018-01-24 17:20:26,http://fl0ckfl0ck.info,120.50.131.112,8.8.8.8
31,2018-01-24 18:20:28,http://fl0ckfl0ck.info,120.50.131.112,8.8.8.8
32,2018-01-24 19:20:30,http://fl0ckfl0ck.info,120.50.131.112,8.8.8.8
33,2018-01-24 20:20:31,http://fl0ckfl0ck.info,120.50.131.112,8.8.8.8
34,2018-01-24 21:20:33,http://fl0ckfl0ck.info,120.50.131.112,8.8.8.8
35,2018-01-24 22:20:34,http://fl0ckfl0ck.info,120.50.131.112,8.8.8.8
36,2018-01-24 23:20:35,http://fl0ckfl0ck.info,120.50.131.112,8.8.8.8
37,2018-01-25 00:20:37,http://fl0ckfl0ck.info,120.50.131.112,8.8.8.8
38,2018-01-25 01:20:38,http://fl0ckfl0ck.info,120.50.131.112,8.8.8.8
39,2018-01-25 02:20:39,http://fl0ckfl0ck.info,120.50.131.112,8.8.8.8
40,2018-01-25 03:20:41,http://fl0ckfl0ck.info,120.50.131.112,8.8.8.8
41,2018-01-25 04:20:42,http://fl0ckfl0ck.info,120.50.131.112,8.8.8.8
42,2018-01-25 05:20:44,http://fl0ckfl0ck.info,120.50.131.112,8.8.8.8
43,2018-01-25 06:20:45,http://fl0ckfl0ck.info,120.50.131.112,8.8.8.8
44,2018-01-25 07:20:47,http://fl0ckfl0ck.info,120.50.131.112,8.8.8.8
45,2018-01-25 08:20:48,http://fl0ckfl0ck.info,120.50.131.112,8.8.8.8
46,2018-01-25 09:20:49,http://fl0ckfl0ck.info,120.50.131.112,8.8.8.8
47,2018-01-25 10:20:51,http://fl0ckfl0ck.info,120.50.131.112,8.8.8.8
48,2018-01-25 11:20:52,http://fl0ckfl0ck.info,120.50.131.112,8.8.8.8
49,2018-01-25 12:20:54,http://fl0ckfl0ck.info,120.50.131.112,8.8.8.8
50,2018-01-25 13:20:55,http://fl0ckfl0ck.info,120.50.131.112,8.8.8.8
51,2018-01-25 14:20:56,http://fl0ckfl0ck.info,120.50.131.112,8.8.8.8
52,2018-01-25 15:20:58,http://fl0ckfl0ck.info,120.50.131.112,8.8.8.8
53,2018-01-25 16:20:59,http://fl0ckfl0ck.info,120.50.131.112,8.8.8.8
54,2018-01-25 17:21:01,http://fl0ckfl0ck.info,120.50.131.112,8.8.8.8
55,2018-01-25 18:21:02,http://fl0ckfl0ck.info,120.50.131.112,8.8.8.8
56,2018-01-25 19:21:03,http://fl0ckfl0ck.info,120.50.131.112,8.8.8.8
57,2018-01-25 20:21:05,http://fl0ckfl0ck.info,120.50.131.112,8.8.8.8
58,2018-01-25 21:21:06,http://fl0ckfl0ck.info,120.50.131.112,8.8.8.8
59,2018-01-25 22:21:08,http://fl0ckfl0ck.info,120.50.131.112,8.8.8.8
60,2018-01-25 23:21:09,http://fl0ckfl0ck.info,120.50.131.112,8.8.8.8
61,2018-01-26 00:21:10,http://fl0ckfl0ck.info,120.50.131.112,8.8.8.8
62,2018-01-26 01:21:11,http://fl0ckfl0ck.info,120.50.131.112,8.8.8.8
63,2018-01-26 02:21:13,http://fl0ckfl0ck.info,120.50.131.112,8.8.8.8
64,2018-01-26 03:21:14,http://fl0ckfl0ck.info,120.50.131.112,8.8.8.8
65,2018-01-26 04:21:15,http://fl0ckfl0ck.info,120.50.131.112,8.8.8.8
66,2018-01-26 05:21:17,http://fl0ckfl0ck.info,120.50.131.112,8.8.8.8
67,2018-01-26 06:21:18,http://fl0ckfl0ck.info,120.50.131.112,8.8.8.8
68,2018-01-26 07:21:19,http://fl0ckfl0ck.info,120.50.131.112,8.8.8.8
69,2018-01-26 08:21:21,http://fl0ckfl0ck.info,120.50.131.112,8.8.8.8
70,2018-01-26 09:21:22,http://fl0ckfl0ck.info,120.50.131.112,8.8.8.8
71,2018-01-26 10:21:24,http://fl0ckfl0ck.info,120.50.131.112,8.8.8.8
72,2018-01-26 11:21:25,http://fl0ckfl0ck.info,120.50.131.112,8.8.8.8
73,2018-01-26 12:21:27,http://fl0ckfl0ck.info,120.50.131.112,8.8.8.8
74,2018-01-26 13:21:28,http://fl0ckfl0ck.info,120.50.131.112,8.8.8.8
75,2018-01-26 14:21:30,http://fl0ckfl0ck.info,116.67.83.27,8.8.8.8
76,2018-01-26 15:21:32,http://fl0ckfl0ck.info,116.67.83.27,8.8.8.8
77,2018-01-26 16:21:33,http://fl0ckfl0ck.info,116.67.83.27,8.8.8.8
78,2018-01-26 17:21:35,http://fl0ckfl0ck.info,116.67.83.27,8.8.8.8
79,2018-01-26 18:21:37,http://fl0ckfl0ck.info,116.67.83.27,8.8.8.8
80,2018-01-26 19:21:39,http://fl0ckfl0ck.info,116.67.83.27,8.8.8.8
81,2018-01-26 20:21:41,http://fl0ckfl0ck.info,116.67.83.27,8.8.8.8
82,2018-01-26 21:21:43,http://fl0ckfl0ck.info,116.67.83.27,8.8.8.8
83,2018-01-26 22:21:45,http://fl0ckfl0ck.info,116.67.83.27,8.8.8.8
84,2018-01-26 23:21:47,http://fl0ckfl0ck.info,116.67.83.27,8.8.8.8
85,2018-01-27 00:21:49,http://fl0ckfl0ck.info,116.67.83.27,8.8.8.8
86,2018-01-27 01:21:51,http://fl0ckfl0ck.info,116.67.83.27,8.8.8.8
87,2018-01-27 02:21:52,http://fl0ckfl0ck.info,116.67.83.27,8.8.8.8
88,2018-01-27 03:21:54,http://fl0ckfl0ck.info,116.67.83.27,8.8.8.8
89,2018-01-27 04:21:55,http://fl0ckfl0ck.info,116.67.83.27,8.8.8.8
90,2018-01-27 05:21:57,http://fl0ckfl0ck.info,116.67.83.27,8.8.8.8
91,2018-01-27 06:21:58,http://fl0ckfl0ck.info,116.67.83.27,8.8.8.8
92,2018-01-27 07:22:00,http://fl0ckfl0ck.info,116.67.83.27,8.8.8.8
93,2018-01-27 08:22:01,http://fl0ckfl0ck.info,116.67.83.27,8.8.8.8
94,2018-01-27 09:22:03,http://fl0ckfl0ck.info,116.67.83.27,8.8.8.8
95,2018-01-27 10:22:04,http://fl0ckfl0ck.info,116.67.83.27,8.8.8.8
96,2018-01-27 11:22:05,http://fl0ckfl0ck.info,116.67.83.27,8.8.8.8
97,2018-01-27 12:22:07,http://fl0ckfl0ck.info,116.67.83.27,8.8.8.8
98,2018-01-27 13:22:08,http://fl0ckfl0ck.info,116.67.83.27,8.8.8.8
99,2018-01-27 14:22:10,http://fl0ckfl0ck.info,116.67.83.27,8.8.8.8
100,2018-01-27 15:22:12,http://fl0ckfl0ck.info,116.67.83.27,8.8.8.8
101,2018-01-27 16:22:13,http://fl0ckfl0ck.info,116.67.83.27,8.8.8.8
102,2018-01-27 17:22:15,http://fl0ckfl0ck.info,116.67.83.27,8.8.8.8
103,2018-01-27 18:22:16,http://fl0ckfl0ck.info,116.67.83.27,8.8.8.8
104,2018-01-27 19:22:18,http://fl0ckfl0ck.info,116.67.83.27,8.8.8.8
105,2018-01-27 20:22:25,http://fl0ckfl0ck.info,116.67.83.27,8.8.8.8
106,2018-01-27 21:22:27,http://fl0ckfl0ck.info,116.67.83.27,8.8.8.8
107,2018-01-27 22:22:33,http://fl0ckfl0ck.info,116.67.83.27,8.8.8.8
108,2018-01-27 23:22:42,http://fl0ckfl0ck.info,116.67.83.27,8.8.8.8
109,2018-01-28 00:22:44,http://fl0ckfl0ck.info,116.67.83.27,8.8.8.8
110,2018-01-28 01:22:46,http://fl0ckfl0ck.info,116.67.83.27,8.8.8.8
111,2018-01-28 02:22:47,http://fl0ckfl0ck.info,116.67.83.27,8.8.8.8
112,2018-01-28 03:22:48,http://fl0ckfl0ck.info,116.67.83.27,8.8.8.8
113,2018-01-28 04:22:50,http://fl0ckfl0ck.info,116.67.83.27,8.8.8.8
114,2018-01-28 05:22:51,http://fl0ckfl0ck.info,116.67.83.27,8.8.8.8
115,2018-01-28 06:22:52,http://fl0ckfl0ck.info,116.67.83.27,8.8.8.8
116,2018-01-28 07:22:54,http://fl0ckfl0ck.info,116.67.83.27,8.8.8.8
117,2018-01-28 08:22:55,http://fl0ckfl0ck.info,116.67.83.27,8.8.8.8
118,2018-01-28 09:22:57,http://fl0ckfl0ck.info,116.67.83.27,8.8.8.8
119,2018-01-28 10:22:58,http://fl0ckfl0ck.info,116.67.83.27,8.8.8.8
120,2018-01-28 11:23:00,http://fl0ckfl0ck.info,116.67.83.27,8.8.8.8
121,2018-01-28 12:23:01,http://fl0ckfl0ck.info,116.67.83.27,8.8.8.8
122,2018-01-28 13:23:03,http://fl0ckfl0ck.info,116.67.83.27,8.8.8.8
123,2018-01-28 14:23:04,http://fl0ckfl0ck.info,116.67.83.27,8.8.8.8
124,2018-01-28 15:23:06,http://fl0ckfl0ck.info,116.67.83.27,8.8.8.8
125,2018-01-28 16:23:07,http://fl0ckfl0ck.info,116.67.83.27,8.8.8.8
126,2018-01-28 17:23:11,http://fl0ckfl0ck.info,116.67.83.27,8.8.8.8
127,2018-01-28 18:23:12,http://fl0ckfl0ck.info,116.67.83.27,8.8.8.8
128,2018-01-28 19:23:17,http://fl0ckfl0ck.info,116.67.83.27,8.8.8.8
129,2018-01-28 20:23:22,http://fl0ckfl0ck.info,116.67.83.27,8.8.8.8
130,2018-01-28 21:23:24,http://fl0ckfl0ck.info,116.67.83.27,8.8.8.8
131,2018-01-28 22:23:25,http://fl0ckfl0ck.info,116.67.83.27,8.8.8.8
132,2018-01-28 23:23:27,http://fl0ckfl0ck.info,116.67.83.27,8.8.8.8
133,2018-01-29 00:31:11,http://fl0ckfl0ck.info,116.67.83.27,8.8.8.8
134,2018-01-29 01:31:12,http://fl0ckfl0ck.info,116.67.83.27,8.8.8.8
135,2018-01-29 02:31:14,http://fl0ckfl0ck.info,116.67.83.27,8.8.8.8
136,2018-01-29 03:31:15,http://fl0ckfl0ck.info,116.67.83.27,8.8.8.8
137,2018-01-29 04:31:16,http://fl0ckfl0ck.info,116.67.83.27,8.8.8.8
138,2018-01-29 05:31:18,http://fl0ckfl0ck.info,116.67.83.27,8.8.8.8
139,2018-01-29 06:31:19,http://fl0ckfl0ck.info,116.67.83.27,8.8.8.8
140,2018-01-29 07:31:21,http://fl0ckfl0ck.info,116.67.83.27,8.8.8.8
141,2018-01-29 08:31:22,http://fl0ckfl0ck.info,116.67.83.27,8.8.8.8
142,2018-01-29 09:31:23,http://fl0ckfl0ck.info,116.67.83.27,8.8.8.8
143,2018-01-29 10:31:24,http://fl0ckfl0ck.info,116.67.83.27,8.8.8.8
144,2018-01-29 11:31:26,http://fl0ckfl0ck.info,116.67.83.27,8.8.8.8
145,2018-01-29 12:31:27,http://fl0ckfl0ck.info,116.67.83.27,8.8.8.8
146,2018-01-29 13:31:28,http://fl0ckfl0ck.info,116.67.83.27,8.8.8.8
147,2018-01-29 14:31:30,http://fl0ckfl0ck.info,116.67.83.27,8.8.8.8
148,2018-01-29 15:31:31,http://fl0ckfl0ck.info,116.67.83.27,8.8.8.8
149,2018-01-29 16:31:33,http://fl0ckfl0ck.info,116.67.83.27,8.8.8.8
150,2018-01-29 17:31:34,http://fl0ckfl0ck.info,116.67.83.27,8.8.8.8
151,2018-01-29 18:31:35,http://fl0ckfl0ck.info,116.67.83.27,8.8.8.8
152,2018-01-29 19:31:37,http://fl0ckfl0ck.info,116.67.83.27,8.8.8.8
153,2018-01-29 20:31:38,http://fl0ckfl0ck.info,116.67.83.27,8.8.8.8
154,2018-01-29 21:31:40,http://fl0ckfl0ck.info,116.67.83.27,8.8.8.8
155,2018-01-29 22:31:42,http://fl0ckfl0ck.info,116.67.83.27,8.8.8.8
156,2018-01-29 23:31:43,http://fl0ckfl0ck.info,116.67.83.27,8.8.8.8
157,2018-01-30 00:31:44,http://fl0ckfl0ck.info,116.67.83.27,8.8.8.8
158,2018-01-30 01:31:46,http://fl0ckfl0ck.info,116.67.83.27,8.8.8.8
159,2018-01-30 02:31:47,http://fl0ckfl0ck.info,116.67.83.27,8.8.8.8
160,2018-01-30 03:32:07,http://fl0ckfl0ck.info,116.67.83.27,8.8.8.8
161,2018-01-30 04:32:08,http://fl0ckfl0ck.info,116.67.83.27,8.8.8.8
162,2018-01-30 05:32:10,http://fl0ckfl0ck.info,116.67.83.27,8.8.8.8
163,2018-01-30 06:32:11,http://fl0ckfl0ck.info,116.67.83.27,8.8.8.8
164,2018-01-30 07:32:13,http://fl0ckfl0ck.info,116.67.83.27,8.8.8.8
165,2018-01-30 08:32:14,http://fl0ckfl0ck.info,116.67.83.27,8.8.8.8
166,2018-01-30 09:32:16,http://fl0ckfl0ck.info,116.67.83.27,8.8.8.8
167,2018-01-30 10:32:17,http://fl0ckfl0ck.info,116.67.83.27,8.8.8.8
168,2018-01-30 11:32:18,http://fl0ckfl0ck.info,116.67.83.27,8.8.8.8
169,2018-01-30 12:32:20,http://fl0ckfl0ck.info,116.67.83.27,8.8.8.8
170,2018-01-30 13:32:21,http://fl0ckfl0ck.info,116.67.83.27,8.8.8.8
171,2018-01-30 14:32:23,http://fl0ckfl0ck.info,116.67.83.27,8.8.8.8
172,2018-01-30 15:32:24,http://fl0ckfl0ck.info,116.67.83.27,8.8.8.8
173,2018-01-30 16:32:25,http://fl0ckfl0ck.info,116.67.83.27,8.8.8.8
174,2018-01-30 17:32:27,http://fl0ckfl0ck.info,116.67.83.27,8.8.8.8
175,2018-01-30 18:32:28,http://fl0ckfl0ck.info,116.67.83.27,8.8.8.8
176,2018-01-30 19:32:30,http://fl0ckfl0ck.info,116.67.83.27,8.8.8.8
177,2018-01-30 20:32:31,http://fl0ckfl0ck.info,116.67.83.27,8.8.8.8
178,2018-01-30 21:32:32,http://fl0ckfl0ck.info,116.67.83.27,8.8.8.8
179,2018-01-30 22:32:34,http://fl0ckfl0ck.info,116.67.83.27,8.8.8.8
180,2018-01-30 23:32:35,http://fl0ckfl0ck.info,116.67.83.27,8.8.8.8
181,2018-01-31 00:32:36,http://fl0ckfl0ck.info,116.67.83.27,8.8.8.8
182,2018-01-31 01:32:38,http://fl0ckfl0ck.info,116.67.83.27,8.8.8.8
183,2018-01-31 02:32:39,http://fl0ckfl0ck.info,116.67.83.27,8.8.8.8
184,2018-01-31 03:32:40,http://fl0ckfl0ck.info,116.67.83.27,8.8.8.8
185,2018-01-31 04:32:42,http://fl0ckfl0ck.info,116.67.83.27,8.8.8.8
186,2018-01-31 05:32:43,http://fl0ckfl0ck.info,116.67.83.27,8.8.8.8
187,2018-01-31 06:32:45,http://fl0ckfl0ck.info,116.67.83.27,8.8.8.8
188,2018-01-31 07:32:46,http://fl0ckfl0ck.info,116.67.83.27,8.8.8.8
189,2018-01-31 08:32:47,http://fl0ckfl0ck.info,116.67.83.27,8.8.8.8
190,2018-01-31 09:32:48,http://fl0ckfl0ck.info,116.67.83.27,8.8.8.8
191,2018-01-31 10:32:50,http://fl0ckfl0ck.info,116.67.83.27,8.8.8.8
192,2018-01-31 11:32:51,http://fl0ckfl0ck.info,116.67.83.27,8.8.8.8
193,2018-01-31 12:32:52,http://fl0ckfl0ck.info,116.67.83.27,8.8.8.8
194,2018-01-31 13:32:53,http://fl0ckfl0ck.info,116.67.83.27,8.8.8.8
195,2018-01-31 14:32:55,http://fl0ckfl0ck.info,116.67.83.27,8.8.8.8
196,2018-01-31 15:32:56,http://fl0ckfl0ck.info,116.67.83.27,8.8.8.8
197,2018-01-31 16:32:57,http://fl0ckfl0ck.info,116.67.83.27,8.8.8.8
198,2018-01-31 17:33:01,http://fl0ckfl0ck.info,116.67.83.27,8.8.8.8
199,2018-01-31 18:33:02,http://fl0ckfl0ck.info,116.67.83.27,8.8.8.8
200,2018-01-31 19:33:03,http://fl0ckfl0ck.info,116.67.83.27,8.8.8.8
201,2018-01-31 20:33:04,http://fl0ckfl0ck.info,116.67.83.27,8.8.8.8
202,2018-01-31 21:33:06,http://fl0ckfl0ck.info,116.67.83.27,8.8.8.8
203,2018-01-31 22:33:07,http://fl0ckfl0ck.info,116.67.83.27,8.8.8.8
204,2018-01-31 23:33:09,http://fl0ckfl0ck.info,116.67.83.27,8.8.8.8
205,2018-02-01 00:53:54,http://fl0ckfl0ck.info,116.67.83.27,8.8.8.8
206,2018-02-01 01:55:08,http://fl0ckfl0ck.info,116.67.83.27,8.8.8.8
207,2018-02-01 02:55:10,http://fl0ckfl0ck.info,116.67.83.27,8.8.8.8
208,2018-02-01 03:55:11,http://fl0ckfl0ck.info,116.67.83.27,8.8.8.8
209,2018-02-01 04:55:13,http://fl0ckfl0ck.info,116.67.83.27,8.8.8.8
210,2018-02-01 05:55:14,http://fl0ckfl0ck.info,116.67.83.27,8.8.8.8
211,2018-02-01 06:55:15,http://fl0ckfl0ck.info,116.67.83.27,8.8.8.8
212,2018-02-01 07:55:17,http://fl0ckfl0ck.info,116.67.83.27,8.8.8.8
213,2018-02-01 08:55:18,http://fl0ckfl0ck.info,116.67.83.27,8.8.8.8
214,2018-02-01 09:55:20,http://fl0ckfl0ck.info,116.67.83.27,8.8.8.8
215,2018-02-01 10:55:21,http://fl0ckfl0ck.info,116.67.83.27,8.8.8.8
216,2018-02-01 11:55:22,http://fl0ckfl0ck.info,116.67.83.27,8.8.8.8
217,2018-02-01 12:55:24,http://fl0ckfl0ck.info,116.67.83.27,8.8.8.8
218,2018-02-01 13:55:27,http://fl0ckfl0ck.info,116.67.83.27,8.8.8.8
219,2018-02-01 14:55:29,http://fl0ckfl0ck.info,116.67.83.27,8.8.8.8
220,2018-02-01 15:55:30,http://fl0ckfl0ck.info,116.67.83.27,8.8.8.8
221,2018-02-01 16:55:32,http://fl0ckfl0ck.info,116.67.83.27,8.8.8.8
222,2018-02-01 17:55:33,http://fl0ckfl0ck.info,116.67.83.27,8.8.8.8
223,2018-02-01 18:55:35,http://fl0ckfl0ck.info,116.67.83.27,8.8.8.8
224,2018-02-01 19:55:36,http://fl0ckfl0ck.info,116.67.83.27,8.8.8.8
225,2018-02-01 20:55:37,http://fl0ckfl0ck.info,116.67.83.27,8.8.8.8
226,2018-02-01 21:55:42,http://fl0ckfl0ck.info,116.67.83.27,8.8.8.8
227,2018-02-01 22:55:44,http://fl0ckfl0ck.info,116.67.83.27,8.8.8.8
228,2018-02-01 23:55:45,http://fl0ckfl0ck.info,116.67.83.27,8.8.8.8
229,2018-02-02 00:55:47,http://fl0ckfl0ck.info,116.67.83.27,8.8.8.8
230,2018-02-02 01:55:48,http://fl0ckfl0ck.info,116.67.83.27,8.8.8.8
231,2018-02-02 02:55:49,http://fl0ckfl0ck.info,116.67.83.27,8.8.8.8
232,2018-02-02 03:55:50,http://fl0ckfl0ck.info,116.67.83.27,8.8.8.8
233,2018-02-02 04:55:52,http://fl0ckfl0ck.info,116.67.83.27,8.8.8.8
234,2018-02-02 05:55:53,http://fl0ckfl0ck.info,116.67.83.27,8.8.8.8
235,2018-02-02 06:55:54,http://fl0ckfl0ck.info,116.67.83.27,8.8.8.8
236,2018-02-02 07:55:55,http://fl0ckfl0ck.info,116.67.83.27,8.8.8.8
237,2018-02-02 08:55:57,http://fl0ckfl0ck.info,116.67.83.27,8.8.8.8
238,2018-02-02 09:55:58,http://fl0ckfl0ck.info,116.67.83.27,8.8.8.8
239,2018-02-02 10:58:52,http://fl0ckfl0ck.info,116.67.83.27,8.8.8.8
240,2018-02-02 11:50:32,http://fl0ckfl0ck.info,116.67.83.27,8.8.8.8
241,2018-02-02 13:10:13,http://fl0ckfl0ck.info,116.67.83.27,8.8.8.8
242,2018-02-02 14:19:09,http://fl0ckfl0ck.info,116.67.83.27,8.8.8.8
243,2018-02-02 15:19:10,http://fl0ckfl0ck.info,116.67.83.27,8.8.8.8
244,2018-02-02 16:19:11,http://fl0ckfl0ck.info,116.67.83.27,8.8.8.8
245,2018-02-02 17:19:12,http://fl0ckfl0ck.info,116.67.83.27,8.8.8.8
246,2018-02-02 18:19:14,http://fl0ckfl0ck.info,116.67.83.27,8.8.8.8
247,2018-02-02 19:19:15,http://fl0ckfl0ck.info,116.67.83.27,8.8.8.8
248,2018-02-02 20:19:16,http://fl0ckfl0ck.info,116.67.83.27,8.8.8.8
249,2018-02-02 21:19:19,http://fl0ckfl0ck.info,116.67.83.27,8.8.8.8
250,2018-02-02 22:19:20,http://fl0ckfl0ck.info,116.67.83.27,8.8.8.8
251,2018-02-02 23:19:21,http://fl0ckfl0ck.info,116.67.83.27,8.8.8.8
252,2018-02-03 00:19:23,http://fl0ckfl0ck.info,116.67.83.27,8.8.8.8
253,2018-02-03 01:19:24,http://fl0ckfl0ck.info,116.67.83.27,8.8.8.8
254,2018-02-03 02:19:25,http://fl0ckfl0ck.info,116.67.83.27,8.8.8.8
255,2018-02-03 03:19:26,http://fl0ckfl0ck.info,116.67.83.27,8.8.8.8
256,2018-02-03 04:19:28,http://fl0ckfl0ck.info,116.67.83.27,8.8.8.8
257,2018-02-03 05:19:29,http://fl0ckfl0ck.info,116.67.83.27,8.8.8.8
258,2018-02-03 06:19:30,http://fl0ckfl0ck.info,116.67.83.27,8.8.8.8
259,2018-02-03 07:19:31,http://fl0ckfl0ck.info,116.67.83.27,8.8.8.8
260,2018-02-03 08:19:32,http://fl0ckfl0ck.info,116.67.83.27,8.8.8.8
261,2018-02-03 09:19:34,http://fl0ckfl0ck.info,116.67.83.27,8.8.8.8
262,2018-02-03 10:19:35,http://fl0ckfl0ck.info,116.67.83.27,8.8.8.8
263,2018-02-03 11:19:36,http://fl0ckfl0ck.info,116.67.83.27,8.8.8.8
264,2018-02-03 12:19:38,http://fl0ckfl0ck.info,116.67.83.27,8.8.8.8
265,2018-02-03 13:19:39,http://fl0ckfl0ck.info,116.67.83.27,8.8.8.8
266,2018-02-03 14:19:41,http://fl0ckfl0ck.info,116.67.83.27,8.8.8.8
267,2018-02-03 15:19:42,http://fl0ckfl0ck.info,116.67.83.27,8.8.8.8
268,2018-02-03 16:19:43,http://fl0ckfl0ck.info,116.67.83.27,8.8.8.8
269,2018-02-03 17:19:45,http://fl0ckfl0ck.info,116.67.83.27,8.8.8.8
270,2018-02-03 18:19:46,http://fl0ckfl0ck.info,116.67.83.27,8.8.8.8
271,2018-02-03 19:19:47,http://fl0ckfl0ck.info,116.67.83.27,8.8.8.8
272,2018-02-03 20:19:49,http://fl0ckfl0ck.info,116.67.83.27,8.8.8.8
273,2018-02-03 21:19:50,http://fl0ckfl0ck.info,116.67.83.27,8.8.8.8
274,2018-02-03 22:19:54,http://fl0ckfl0ck.info,116.67.83.27,8.8.8.8
275,2018-02-03 23:19:56,http://fl0ckfl0ck.info,116.67.83.27,8.8.8.8
276,2018-02-04 00:19:57,http://fl0ckfl0ck.info,116.67.83.27,8.8.8.8
277,2018-02-04 01:19:58,http://fl0ckfl0ck.info,116.67.83.27,8.8.8.8
278,2018-02-04 02:19:59,http://fl0ckfl0ck.info,116.67.83.27,8.8.8.8
279,2018-02-04 03:20:06,http://fl0ckfl0ck.info,116.67.83.27,8.8.8.8
280,2018-02-04 04:20:09,http://fl0ckfl0ck.info,116.67.83.27,8.8.8.8
281,2018-02-04 05:20:11,http://fl0ckfl0ck.info,116.67.83.27,8.8.8.8
282,2018-02-04 06:20:12,http://fl0ckfl0ck.info,116.67.83.27,8.8.8.8
283,2018-02-04 07:20:13,http://fl0ckfl0ck.info,116.67.83.27,8.8.8.8
284,2018-02-04 08:20:15,http://fl0ckfl0ck.info,116.67.83.27,8.8.8.8
285,2018-02-04 09:20:17,http://fl0ckfl0ck.info,116.67.83.27,8.8.8.8
286,2018-02-04 10:20:18,http://fl0ckfl0ck.info,116.67.83.27,8.8.8.8
287,2018-02-04 11:20:19,http://fl0ckfl0ck.info,116.67.83.27,8.8.8.8
288,2018-02-04 12:20:29,http://fl0ckfl0ck.info,116.67.83.27,8.8.8.8
289,2018-02-04 13:20:30,http://fl0ckfl0ck.info,116.67.83.27,8.8.8.8
290,2018-02-04 14:20:38,http://fl0ckfl0ck.info,116.67.83.27,8.8.8.8
291,2018-02-04 15:20:40,http://fl0ckfl0ck.info,116.67.83.27,8.8.8.8
292,2018-02-04 16:20:41,http://fl0ckfl0ck.info,116.67.83.27,8.8.8.8
293,2018-02-04 17:20:42,http://fl0ckfl0ck.info,116.67.83.27,8.8.8.8
294,2018-02-04 18:20:44,http://fl0ckfl0ck.info,116.67.83.27,8.8.8.8
295,2018-02-04 19:20:45,http://fl0ckfl0ck.info,116.67.83.27,8.8.8.8
296,2018-02-04 20:20:48,http://fl0ckfl0ck.info,116.67.83.27,8.8.8.8
297,2018-02-04 21:20:50,http://fl0ckfl0ck.info,116.67.83.27,8.8.8.8
298,2018-02-04 22:21:02,http://fl0ckfl0ck.info,116.67.83.27,8.8.8.8
299,2018-02-04 23:21:55,http://fl0ckfl0ck.info,116.67.83.27,8.8.8.8
300,2018-02-05 00:21:57,http://fl0ckfl0ck.info,116.67.83.27,8.8.8.8
